Integrante;Pasta;Entrega;Consulta;Título da Análise;Nível / Granularidade;Tabelas Utilizadas;Foco e Métricas Principais
Diogo Jonsson;diogo-jonsson/;-;1;Comparativo Comercial por Períodos;Agregado (Modelo);hvenda, hveiculo, venda, veiculo, versao_veiculo, modelo_veiculo, status_venda;Média mensal de vendas, faturamento e desconto médio por modelo de veículo entre períodos.
Diogo Jonsson;diogo-jonsson/;-;2;Lead Time Operacional de Vendas por Cidade;Agregado (Cidade);venda, status_venda, cliente, cidade;Prazos médios em dias (pedido para faturamento, faturamento para entrega e pedido para entrega) e percentual de entregas rápidas (até 7 dias).
Enzo Kuwamoto;enzo-kuwamoto/;-;1;Matriz de Vendas Cruzadas (Cross-selling);Agregado (Modelo x Acessório);venda_acessorio, venda, veiculo, versao_veiculo, modelo_veiculo, acessorio, categoria_acessorio, status_venda;Volume de combos de veículos + categorias de acessórios instalados, total de itens e faturamento gerado por acessório.
Enzo Kuwamoto;enzo-kuwamoto/;-;2;Formas de Pagamento vs Desconto e Acessórios;Agregado (Pagamento);venda, forma_pagamento, status_venda, venda_acessorio;Correlação da modalidade de pagamento com a taxa de desconto médio concedida e o ticket médio gasto em acessórios.
Henrique Hida;henrique-hida/;1;1;Evolução Mensal de Vendas por Modelo;Agregado (Mês x Modelo);venda, veiculo, versao_veiculo, modelo_veiculo;Evolução mensal de vendas por modelo com ranking de faturamento (DENSE_RANK) e variação percentual mês a mês via LAG.
Henrique Hida;henrique-hida/;1;2;Valor de Clientes e Adesão a Acessórios;Agregado (Cliente);cliente, venda, venda_acessorio;Segmentação de clientes via NTILE(4) (Estratégico, Alto valor, Intermediário, Baixo valor) somando receita de veículos e acessórios.
Henrique Hida;henrique-hida/;2;1;Evolução Mensal (Consolidada com Histórico);Agregado (Mês x Modelo);venda, hvenda, veiculo, hveiculo, versao_veiculo, modelo_veiculo;Mesma métrica da Entrega 1 consolidando todas as cargas históricas.
Henrique Hida;henrique-hida/;2;2;Valor de Clientes (Consolidado com Histórico);Agregado (Cliente);cliente, venda, hvenda, venda_acessorio, hvenda_acessorio;Segmentação de clientes consolidando dados ativos e históricos.
Matheus Schalch;matheus-schalch/;1;1;Base Analítica Regional & Híbridos (Corrente);Transacional (1 linha por venda / 43 linhas);venda, veiculo, versao_veiculo, modelo_veiculo, cliente, cidade;Base analítica com data, cliente, cidade, UF, modelo, motorização híbrida/combustão e valores.
Matheus Schalch;matheus-schalch/;1;2;Base Analítica Pagamento & Trade-in (Corrente);Transacional (1 linha por venda / 43 linhas);venda, forma_pagamento, veiculo_troca;Base analítica com data, modalidade de pagamento, entrada, parcelas, dados de trade-in e cobertura do usado.
Matheus Schalch;matheus-schalch/;2;1;Base Analítica Regional & Híbridos (Consolidada);Transacional (1 linha por venda / 109 linhas);venda, hvenda, veiculo, hveiculo, versao_veiculo, modelo_veiculo, cliente, cidade;Base consolidada para Power BI com histórico e corrente para análises temporais e geográficas de eletrificação.
Matheus Schalch;matheus-schalch/;2;2;Base Analítica Pagamento & Trade-in (Consolidada);Transacional (1 linha por venda / 109 linhas);venda, hvenda, forma_pagamento, veiculo_troca, hveiculo_troca;Base consolidada para Power BI analisar financiamento, trade-in e entrada ao longo do tempo.
